id,title,price_text,price_value,currency,location,date_posted,condition,category,seller_type,url,image_url,search_query,page_number,item_number,scraped_at,source
iphone 13 pro max_1_1,Apple iPhone 13 Pro Max 256 GB Silver,"ETB 95,000",95000.0,ETB,"Addis Ababa, Bole",Any time,Unknown,Mobile Phones,Unknown,https://jiji.com.et/bole/mobile-phones/apple-iphone-13-pro-max-256-gb-silver-2HZS8NXdism2ZVjpP4iEYVpk.html?page=1&pos=1&cur_pos=1&ads_per_page=21&ads_count=933&lid=KbxbZVt3rzkbo5jc&indexPosition=0,https://pictures-ethiopia.jijistatic.com/7463836_MzAwLTU1Mi01MTBkMjlhNTli.webp,iphone 13 pro max,1,1,2026-01-01T14:42:57.481191,Jiji Ethiopia
iphone 13 pro max_1_2,No Title,Price not listed,,ETB,Location not specified,Recently,Unknown,Other,Unknown,,,iphone 13 pro max,1,2,2026-01-01T14:42:57.482157,Jiji Ethiopia
iphone 13 pro max_1_3,No Title,Price not listed,,ETB,Location not specified,Any time,Unknown,Other,Unknown,,,iphone 13 pro max,1,3,2026-01-01T14:42:57.486239,Jiji Ethiopia
iphone 13 pro max_1_4,No Title,Price not listed,,ETB,Location not specified,Any time,Unknown,Other,Unknown,,,iphone 13 pro max,1,4,2026-01-01T14:42:57.490207,Jiji Ethiopia
iphone 13 pro max_1_5,No Title,Price not listed,,ETB,Location not specified,Recently,Unknown,Other,Unknown,,,iphone 13 pro max,1,5,2026-01-01T14:42:57.491222,Jiji Ethiopia
iphone 13 pro max_1_6,No Title,Price not listed,,ETB,Location not specified,Any time,Unknown,Other,Unknown,,,iphone 13 pro max,1,6,2026-01-01T14:42:57.493218,Jiji Ethiopia
iphone 13 pro max_1_7,Apple iPhone 13 Pro Max 256 GB Silver,"ETB 95,000",95000.0,ETB,"Addis Ababa, Bole",Recently,Unknown,Mobile Phones,Unknown,https://jiji.com.et/bole/mobile-phones/apple-iphone-13-pro-max-256-gb-silver-2HZS8NXdism2ZVjpP4iEYVpk.html?page=1&pos=1&cur_pos=1&ads_per_page=21&ads_count=933&lid=KbxbZVt3rzkbo5jc&indexPosition=0,https://pictures-ethiopia.jijistatic.com/7463836_MzAwLTU1Mi01MTBkMjlhNTli.webp,iphone 13 pro max,1,7,2026-01-01T14:42:57.557561,Jiji Ethiopia
iphone 13 pro max_1_8,Apple iPhone 13 Pro Max 256 GB Silver,"ETB 95,000",95000.0,ETB,"Addis Ababa, Bole",Recently,Unknown,Mobile Phones,Unknown,https://jiji.com.et/bole/mobile-phones/apple-iphone-13-pro-max-256-gb-silver-2HZS8NXdism2ZVjpP4iEYVpk.html?page=1&pos=1&cur_pos=1&ads_per_page=21&ads_count=933&lid=KbxbZVt3rzkbo5jc&indexPosition=0,https://pictures-ethiopia.jijistatic.com/7463836_MzAwLTU1Mi01MTBkMjlhNTli.webp,iphone 13 pro max,1,8,2026-01-01T14:42:57.615979,Jiji Ethiopia
iphone 13 pro max_1_9,Apple iPhone 13 Pro Max 256 GB Silver,"ETB 95,000",95000.0,ETB,"Addis Ababa, Bole",Recently,Unknown,Mobile Phones,Unknown,https://jiji.com.et/bole/mobile-phones/apple-iphone-13-pro-max-256-gb-silver-2HZS8NXdism2ZVjpP4iEYVpk.html?page=1&pos=1&cur_pos=1&ads_per_page=21&ads_count=933&lid=KbxbZVt3rzkbo5jc&indexPosition=0,https://pictures-ethiopia.jijistatic.com/7463836_MzAwLTU1Mi01MTBkMjlhNTli.webp,iphone 13 pro max,1,9,2026-01-01T14:42:57.619965,Jiji Ethiopia
iphone 13 pro max_1_10,No Title,Price not listed,,ETB,Location not specified,Recently,Unknown,Other,Unknown,,https://pictures-ethiopia.jijistatic.com/7463836_MzAwLTU1Mi01MTBkMjlhNTli.webp,iphone 13 pro max,1,10,2026-01-01T14:42:57.621964,Jiji Ethiopia
iphone 13 pro max_1_11,No Title,Price not listed,,ETB,Location not specified,Recently,Unknown,Other,Unknown,,https://pictures-ethiopia.jijistatic.com/7463836_MzAwLTU1Mi01MTBkMjlhNTli.webp,iphone 13 pro max,1,11,2026-01-01T14:42:57.622957,Jiji Ethiopia
iphone 13 pro max_1_12,No Title,Price not listed,,ETB,Location not specified,Recently,Unknown,Other,Unknown,,,iphone 13 pro max,1,12,2026-01-01T14:42:57.622957,Jiji Ethiopia
iphone 13 pro max_1_13,Apple iPhone 13 Pro Max 256 GB Silver,"ETB 95,000",95000.0,ETB,"Addis Ababa, Bole",Recently,Unknown,Mobile Phones,Unknown,,https://assets.jijistatic.com/static/img/premium-landing/ps-vip-icon.svg,iphone 13 pro max,1,13,2026-01-01T14:42:57.626914,Jiji Ethiopia
iphone 13 pro max_1_14,Apple iPhone 13 Pro Max 256 GB Silver,"ETB 95,000",95000.0,ETB,"Addis Ababa, Bole",Recently,Unknown,Mobile Phones,Unknown,,https://assets.jijistatic.com/static/img/premium-landing/ps-vip-icon.svg,iphone 13 pro max,1,14,2026-01-01T14:42:57.630904,Jiji Ethiopia
iphone 13 pro max_1_15,Apple iPhone 13 Pro Max 256 GB Silver,"ETB 95,000",95000.0,ETB,Location not specified,Recently,Unknown,Mobile Phones,Unknown,,,iphone 13 pro max,1,15,2026-01-01T14:42:57.632899,Jiji Ethiopia
iphone 13 pro max_1_16,No Title,"ETB 95,000",95000.0,ETB,Location not specified,Recently,Unknown,Other,Unknown,,,iphone 13 pro max,1,16,2026-01-01T14:42:57.634894,Jiji Ethiopia
iphone 13 pro max_1_17,No Title,"ETB 95,000",95000.0,ETB,Location not specified,Recently,Unknown,Other,Unknown,,,iphone 13 pro max,1,17,2026-01-01T14:42:57.636888,Jiji Ethiopia
iphone 13 pro max_1_18,No Title,"ETB 95,000",95000.0,ETB,Location not specified,Recently,Unknown,Other,Unknown,,,iphone 13 pro max,1,18,2026-01-01T14:42:57.637885,Jiji Ethiopia
iphone 13 pro max_1_19,No Title,"ETB 95,000",95000.0,ETB,Location not specified,Recently,Unknown,Other,Unknown,,,iphone 13 pro max,1,19,2026-01-01T14:42:57.637885,Jiji Ethiopia
iphone 13 pro max_1_20,Apple iPhone 13 Pro Max 256 GB Silver,Price not listed,,ETB,Location not specified,Recently,Unknown,Mobile Phones,Unknown,,,iphone 13 pro max,1,20,2026-01-01T14:42:57.639881,Jiji Ethiopia
iphone 13 pro max_1_21,Apple iPhone 13 Pro Max 256 GB Silver,Price not listed,,ETB,Location not specified,Recently,Unknown,Mobile Phones,Unknown,,,iphone 13 pro max,1,21,2026-01-01T14:42:57.640901,Jiji Ethiopia
iphone 13 pro max_1_22,Apple iPhone 13 Pro Max 256 GB Silver,Price not listed,,ETB,Location not specified,Recently,Unknown,Mobile Phones,Unknown,,,iphone 13 pro max,1,22,2026-01-01T14:42:57.641898,Jiji Ethiopia
iphone 13 pro max_1_23,No Title,Price not listed,,ETB,"Addis Ababa, Bole",Recently,Unknown,Other,Unknown,,https://assets.jijistatic.com/static/img/premium-landing/ps-vip-icon.svg,iphone 13 pro max,1,23,2026-01-01T14:42:57.643870,Jiji Ethiopia
iphone 13 pro max_1_24,No Title,Price not listed,,ETB,Location not specified,Recently,Unknown,Other,Unknown,,,iphone 13 pro max,1,24,2026-01-01T14:42:57.644866,Jiji Ethiopia
iphone 13 pro max_1_25,No Title,Price not listed,,ETB,Location not specified,Recently,Unknown,Other,Unknown,,,iphone 13 pro max,1,25,2026-01-01T14:42:57.645864,Jiji Ethiopia
iphone 13 pro max_1_26,No Title,Price not listed,,ETB,Location not specified,Recently,Unknown,Other,Unknown,,,iphone 13 pro max,1,26,2026-01-01T14:42:57.646863,Jiji Ethiopia
iphone 13 pro max_1_27,No Title,Price not listed,,ETB,Location not specified,Recently,Unknown,Other,Unknown,,,iphone 13 pro max,1,27,2026-01-01T14:42:57.647859,Jiji Ethiopia
iphone 13 pro max_1_28,No Title,Price not listed,,ETB,Location not specified,Recently,Unknown,Other,Unknown,,,iphone 13 pro max,1,28,2026-01-01T14:42:57.647859,Jiji Ethiopia
iphone 13 pro max_1_29,No Title,Price not listed,,ETB,"Addis Ababa, Bole",Recently,Unknown,Other,Unknown,,https://assets.jijistatic.com/static/img/premium-landing/ps-vip-icon.svg,iphone 13 pro max,1,29,2026-01-01T14:42:57.649854,Jiji Ethiopia
iphone 13 pro max_1_30,No Title,Price not listed,,ETB,"Addis Ababa, Bole",Recently,Unknown,Other,Unknown,,,iphone 13 pro max,1,30,2026-01-01T14:42:57.649854,Jiji Ethiopia
iphone 13 pro max_1_31,No Title,Price not listed,,ETB,"Addis Ababa, Bole",Recently,Unknown,Other,Unknown,,,iphone 13 pro max,1,31,2026-01-01T14:42:57.650851,Jiji Ethiopia
iphone 13 pro max_1_32,No Title,Price not listed,,ETB,"Addis Ababa, Bole",Recently,Unknown,Other,Unknown,,,iphone 13 pro max,1,32,2026-01-01T14:42:57.651848,Jiji Ethiopia
iphone 13 pro max_1_33,No Title,Price not listed,,ETB,Location not specified,Recently,Unknown,Other,Unknown,,https://assets.jijistatic.com/static/img/premium-landing/ps-vip-icon.svg,iphone 13 pro max,1,33,2026-01-01T14:42:57.652877,Jiji Ethiopia
iphone 13 pro max_1_34,No Title,Price not listed,,ETB,Location not specified,Recently,Unknown,Other,Unknown,,https://assets.jijistatic.com/static/img/premium-landing/ps-vip-icon.svg,iphone 13 pro max,1,34,2026-01-01T14:42:57.653870,Jiji Ethiopia
iphone 13 pro max_1_35,Apple iPhone 13 Pro Max 256 GB Blue,"ETB 90,000",90000.0,ETB,"Addis Ababa, Bole",Recently,Unknown,Mobile Phones,Unknown,https://jiji.com.et/bole/mobile-phones/apple-iphone-13-pro-max-256-gb-blue-oAajNTaTxzhmbPrbuODbsDGk.html?page=1&pos=4&cur_pos=4&ads_per_page=21&ads_count=933&lid=KbxbZVt3rzkbo5jc&indexPosition=3,https://pictures-ethiopia.jijistatic.com/8974005_MzAwLTQwMC00N2FjOWU2YjRk.webp,iphone 13 pro max,1,35,2026-01-01T14:42:57.656860,Jiji Ethiopia
iphone 13 pro max_1_36,No Title,Price not listed,,ETB,Location not specified,Recently,Unknown,Other,Unknown,,https://pictures-ethiopia.jijistatic.com/8974005_MzAwLTQwMC00N2FjOWU2YjRk.webp,iphone 13 pro max,1,36,2026-01-01T14:42:57.658829,Jiji Ethiopia
iphone 13 pro max_1_37,No Title,Price not listed,,ETB,Location not specified,Recently,Unknown,Other,Unknown,,https://pictures-ethiopia.jijistatic.com/8974005_MzAwLTQwMC00N2FjOWU2YjRk.webp,iphone 13 pro max,1,37,2026-01-01T14:42:57.659852,Jiji Ethiopia
iphone 13 pro max_1_38,Apple iPhone 13 Pro Max 256 GB Blue,"ETB 90,000",90000.0,ETB,"Addis Ababa, Bole",Recently,Unknown,Mobile Phones,Unknown,,https://assets.jijistatic.com/static/img/premium-landing/premium.svg,iphone 13 pro max,1,38,2026-01-01T14:42:57.662844,Jiji Ethiopia
iphone 13 pro max_1_39,Apple iPhone 13 Pro Max 256 GB Blue,"ETB 90,000",90000.0,ETB,"Addis Ababa, Bole",Recently,Unknown,Mobile Phones,Unknown,,https://assets.jijistatic.com/static/img/premium-landing/premium.svg,iphone 13 pro max,1,39,2026-01-01T14:42:57.665842,Jiji Ethiopia
iphone 13 pro max_1_40,Apple iPhone 13 Pro Max 256 GB Blue,"ETB 90,000",90000.0,ETB,Location not specified,Recently,Unknown,Mobile Phones,Unknown,,,iphone 13 pro max,1,40,2026-01-01T14:42:57.666837,Jiji Ethiopia
iphone 13 pro max_2_1,New Apple iPhone 13 Pro Max 256 GB Blue,"ETB 93,000",93000.0,ETB,"Addis Ababa, Akaky Kaliti",Recently,New,Mobile Phones,Unknown,https://jiji.com.et/akaky-kaliti/mobile-phones/new-apple-iphone-13-pro-max-256-gb-blue-8RvWLl36P3uw8XIuFzU34UgI.html?page=2&pos=1&cur_pos=1&ads_per_page=20&ads_count=933&lid=rNz1NyOAcZehhA0Y&indexPosition=0,https://pictures-ethiopia.jijistatic.com/3745650_MzAwLTIzMi1iNTg3ZWFlOGIx.webp,iphone 13 pro max,2,1,2026-01-01T14:43:03.312067,Jiji Ethiopia
iphone 13 pro max_2_2,No Title,Price not listed,,ETB,Location not specified,Recently,Unknown,Other,Unknown,,,iphone 13 pro max,2,2,2026-01-01T14:43:03.313033,Jiji Ethiopia
iphone 13 pro max_2_3,No Title,Price not listed,,ETB,Location not specified,Recently,Unknown,Other,Unknown,,,iphone 13 pro max,2,3,2026-01-01T14:43:03.315676,Jiji Ethiopia
iphone 13 pro max_2_4,No Title,Price not listed,,ETB,Location not specified,Recently,Unknown,Other,Unknown,,,iphone 13 pro max,2,4,2026-01-01T14:43:03.317670,Jiji Ethiopia
iphone 13 pro max_2_5,No Title,Price not listed,,ETB,Location not specified,Recently,Unknown,Other,Unknown,,,iphone 13 pro max,2,5,2026-01-01T14:43:03.319667,Jiji Ethiopia
iphone 13 pro max_2_6,New Apple iPhone 13 Pro Max 256 GB Blue,"ETB 93,000",93000.0,ETB,"Addis Ababa, Akaky Kaliti",Recently,New,Mobile Phones,Unknown,https://jiji.com.et/akaky-kaliti/mobile-phones/new-apple-iphone-13-pro-max-256-gb-blue-8RvWLl36P3uw8XIuFzU34UgI.html?page=2&pos=1&cur_pos=1&ads_per_page=20&ads_count=933&lid=rNz1NyOAcZehhA0Y&indexPosition=0,https://pictures-ethiopia.jijistatic.com/3745650_MzAwLTIzMi1iNTg3ZWFlOGIx.webp,iphone 13 pro max,2,6,2026-01-01T14:43:03.381499,Jiji Ethiopia
iphone 13 pro max_2_7,New Apple iPhone 13 Pro Max 256 GB Blue,"ETB 93,000",93000.0,ETB,"Addis Ababa, Akaky Kaliti",Recently,New,Mobile Phones,Unknown,https://jiji.com.et/akaky-kaliti/mobile-phones/new-apple-iphone-13-pro-max-256-gb-blue-8RvWLl36P3uw8XIuFzU34UgI.html?page=2&pos=1&cur_pos=1&ads_per_page=20&ads_count=933&lid=rNz1NyOAcZehhA0Y&indexPosition=0,https://pictures-ethiopia.jijistatic.com/3745650_MzAwLTIzMi1iNTg3ZWFlOGIx.webp,iphone 13 pro max,2,7,2026-01-01T14:43:03.437672,Jiji Ethiopia
iphone 13 pro max_2_8,New Apple iPhone 13 Pro Max 256 GB Blue,"ETB 93,000",93000.0,ETB,"Addis Ababa, Akaky Kaliti",Recently,New,Mobile Phones,Unknown,https://jiji.com.et/akaky-kaliti/mobile-phones/new-apple-iphone-13-pro-max-256-gb-blue-8RvWLl36P3uw8XIuFzU34UgI.html?page=2&pos=1&cur_pos=1&ads_per_page=20&ads_count=933&lid=rNz1NyOAcZehhA0Y&indexPosition=0,https://pictures-ethiopia.jijistatic.com/3745650_MzAwLTIzMi1iNTg3ZWFlOGIx.webp,iphone 13 pro max,2,8,2026-01-01T14:43:03.441661,Jiji Ethiopia
iphone 13 pro max_2_9,No Title,Price not listed,,ETB,Location not specified,Recently,Unknown,Other,Unknown,,https://pictures-ethiopia.jijistatic.com/3745650_MzAwLTIzMi1iNTg3ZWFlOGIx.webp,iphone 13 pro max,2,9,2026-01-01T14:43:03.442660,Jiji Ethiopia
iphone 13 pro max_2_10,No Title,Price not listed,,ETB,Location not specified,Recently,Unknown,Other,Unknown,,https://pictures-ethiopia.jijistatic.com/3745650_MzAwLTIzMi1iNTg3ZWFlOGIx.webp,iphone 13 pro max,2,10,2026-01-01T14:43:03.444635,Jiji Ethiopia
iphone 13 pro max_2_11,New Apple iPhone 13 Pro Max 256 GB Blue,"ETB 93,000",93000.0,ETB,"Addis Ababa, Akaky Kaliti",Recently,New,Mobile Phones,Unknown,,,iphone 13 pro max,2,11,2026-01-01T14:43:03.447619,Jiji Ethiopia
iphone 13 pro max_2_12,New Apple iPhone 13 Pro Max 256 GB Blue,"ETB 93,000",93000.0,ETB,"Addis Ababa, Akaky Kaliti",Recently,New,Mobile Phones,Unknown,,,iphone 13 pro max,2,12,2026-01-01T14:43:03.449614,Jiji Ethiopia
iphone 13 pro max_2_13,New Apple iPhone 13 Pro Max 256 GB Blue,"ETB 93,000",93000.0,ETB,Location not specified,Recently,New,Mobile Phones,Unknown,,,iphone 13 pro max,2,13,2026-01-01T14:43:03.450611,Jiji Ethiopia
iphone 13 pro max_2_14,No Title,"ETB 93,000",93000.0,ETB,Location not specified,Recently,Unknown,Other,Unknown,,,iphone 13 pro max,2,14,2026-01-01T14:43:03.451609,Jiji Ethiopia
iphone 13 pro max_2_15,No Title,"ETB 93,000",93000.0,ETB,Location not specified,Recently,Unknown,Other,Unknown,,,iphone 13 pro max,2,15,2026-01-01T14:43:03.452606,Jiji Ethiopia
iphone 13 pro max_2_16,No Title,"ETB 93,000",93000.0,ETB,Location not specified,Recently,Unknown,Other,Unknown,,,iphone 13 pro max,2,16,2026-01-01T14:43:03.452606,Jiji Ethiopia
iphone 13 pro max_2_17,No Title,"ETB 93,000",93000.0,ETB,Location not specified,Recently,Unknown,Other,Unknown,,,iphone 13 pro max,2,17,2026-01-01T14:43:03.453604,Jiji Ethiopia
iphone 13 pro max_2_18,New Apple iPhone 13 Pro Max 256 GB Blue,Price not listed,,ETB,Location not specified,Recently,New,Mobile Phones,Unknown,,,iphone 13 pro max,2,18,2026-01-01T14:43:03.454601,Jiji Ethiopia
iphone 13 pro max_2_19,New Apple iPhone 13 Pro Max 256 GB Blue,Price not listed,,ETB,Location not specified,Recently,New,Mobile Phones,Unknown,,,iphone 13 pro max,2,19,2026-01-01T14:43:03.455598,Jiji Ethiopia
iphone 13 pro max_2_20,New Apple iPhone 13 Pro Max 256 GB Blue,Price not listed,,ETB,Location not specified,Recently,New,Mobile Phones,Unknown,,,iphone 13 pro max,2,20,2026-01-01T14:43:03.456595,Jiji Ethiopia
iphone 13 pro max_2_21,No Title,Price not listed,,ETB,"Addis Ababa, Akaky Kaliti",Recently,Unknown,Other,Unknown,,,iphone 13 pro max,2,21,2026-01-01T14:43:03.457593,Jiji Ethiopia
iphone 13 pro max_2_22,No Title,Price not listed,,ETB,Location not specified,Recently,Unknown,Other,Unknown,,,iphone 13 pro max,2,22,2026-01-01T14:43:03.458590,Jiji Ethiopia
iphone 13 pro max_2_23,No Title,Price not listed,,ETB,Location not specified,Recently,Unknown,Other,Unknown,,,iphone 13 pro max,2,23,2026-01-01T14:43:03.459588,Jiji Ethiopia
iphone 13 pro max_2_24,No Title,Price not listed,,ETB,Location not specified,Recently,Unknown,Other,Unknown,,,iphone 13 pro max,2,24,2026-01-01T14:43:03.460585,Jiji Ethiopia
iphone 13 pro max_2_25,No Title,Price not listed,,ETB,Location not specified,Recently,Unknown,Other,Unknown,,,iphone 13 pro max,2,25,2026-01-01T14:43:03.460585,Jiji Ethiopia
iphone 13 pro max_2_26,No Title,Price not listed,,ETB,Location not specified,Recently,Unknown,Other,Unknown,,,iphone 13 pro max,2,26,2026-01-01T14:43:03.461582,Jiji Ethiopia
iphone 13 pro max_2_27,No Title,Price not listed,,ETB,"Addis Ababa, Akaky Kaliti",Recently,Unknown,Other,Unknown,,,iphone 13 pro max,2,27,2026-01-01T14:43:03.462579,Jiji Ethiopia
iphone 13 pro max_2_28,No Title,Price not listed,,ETB,"Addis Ababa, Akaky Kaliti",Recently,Unknown,Other,Unknown,,,iphone 13 pro max,2,28,2026-01-01T14:43:03.463577,Jiji Ethiopia
iphone 13 pro max_2_29,No Title,Price not listed,,ETB,"Addis Ababa, Akaky Kaliti",Recently,Unknown,Other,Unknown,,,iphone 13 pro max,2,29,2026-01-01T14:43:03.464574,Jiji Ethiopia
iphone 13 pro max_2_30,No Title,Price not listed,,ETB,"Addis Ababa, Akaky Kaliti",Recently,Unknown,Other,Unknown,,,iphone 13 pro max,2,30,2026-01-01T14:43:03.465571,Jiji Ethiopia
iphone 13 pro max_2_31,Apple iPhone 13 Pro Max 256 GB Blue,"ETB 96,000",96000.0,ETB,"Addis Ababa, Bole",Recently,Unknown,Mobile Phones,Unknown,https://jiji.com.et/bole/mobile-phones/apple-iphone-13-pro-max-256-gb-blue-53oubNrc4j2sCYkMghMggSgQ.html?page=2&pos=4&cur_pos=4&ads_per_page=20&ads_count=933&lid=rNz1NyOAcZehhA0Y&indexPosition=3,https://pictures-ethiopia.jijistatic.com/4305374_MzAwLTQwMC0xZTNmMzRkYmU0.webp,iphone 13 pro max,2,31,2026-01-01T14:43:03.468563,Jiji Ethiopia
iphone 13 pro max_2_32,No Title,Price not listed,,ETB,Location not specified,Recently,Unknown,Other,Unknown,,https://pictures-ethiopia.jijistatic.com/4305374_MzAwLTQwMC0xZTNmMzRkYmU0.webp,iphone 13 pro max,2,32,2026-01-01T14:43:03.469561,Jiji Ethiopia
iphone 13 pro max_2_33,No Title,Price not listed,,ETB,Location not specified,Recently,Unknown,Other,Unknown,,https://pictures-ethiopia.jijistatic.com/4305374_MzAwLTQwMC0xZTNmMzRkYmU0.webp,iphone 13 pro max,2,33,2026-01-01T14:43:03.470558,Jiji Ethiopia
iphone 13 pro max_2_34,Apple iPhone 13 Pro Max 256 GB Blue,"ETB 96,000",96000.0,ETB,"Addis Ababa, Bole",Recently,Unknown,Mobile Phones,Unknown,,,iphone 13 pro max,2,34,2026-01-01T14:43:03.472553,Jiji Ethiopia
iphone 13 pro max_2_35,Apple iPhone 13 Pro Max 256 GB Blue,"ETB 96,000",96000.0,ETB,"Addis Ababa, Bole",Recently,Unknown,Mobile Phones,Unknown,,,iphone 13 pro max,2,35,2026-01-01T14:43:03.475571,Jiji Ethiopia
iphone 13 pro max_2_36,Apple iPhone 13 Pro Max 256 GB Blue,"ETB 96,000",96000.0,ETB,Location not specified,Recently,Unknown,Mobile Phones,Unknown,,,iphone 13 pro max,2,36,2026-01-01T14:43:03.477565,Jiji Ethiopia
iphone 13 pro max_2_37,No Title,"ETB 96,000",96000.0,ETB,Location not specified,Recently,Unknown,Other,Unknown,,,iphone 13 pro max,2,37,2026-01-01T14:43:03.478563,Jiji Ethiopia
iphone 13 pro max_2_38,No Title,"ETB 96,000",96000.0,ETB,Location not specified,Recently,Unknown,Other,Unknown,,,iphone 13 pro max,2,38,2026-01-01T14:43:03.478563,Jiji Ethiopia
iphone 13 pro max_2_39,No Title,"ETB 96,000",96000.0,ETB,Location not specified,Recently,Unknown,Other,Unknown,,,iphone 13 pro max,2,39,2026-01-01T14:43:03.479561,Jiji Ethiopia
iphone 13 pro max_2_40,No Title,"ETB 96,000",96000.0,ETB,Location not specified,Recently,Unknown,Other,Unknown,,,iphone 13 pro max,2,40,2026-01-01T14:43:03.479561,Jiji Ethiopia
iphone 13 pro max_3_1,Apple iPhone 13 Pro Max 256 GB Black,"ETB 90,999",90999.0,ETB,"Addis Ababa, Bole",Recently,Unknown,Mobile Phones,Unknown,https://jiji.com.et/bole/mobile-phones/apple-iphone-13-pro-max-256-gb-black-rVbSyrtmLjPDqhqNJpuxYvs0.html?page=3&pos=1&cur_pos=1&ads_per_page=20&ads_count=933&lid=db2iPNCbMDuV18sb&indexPosition=0,https://pictures-ethiopia.jijistatic.com/5384134_MzAwLTQwMC01NDMzM2E4YzVi.webp,iphone 13 pro max,3,1,2026-01-01T14:43:09.629502,Jiji Ethiopia
iphone 13 pro max_3_2,No Title,Price not listed,,ETB,Location not specified,Recently,Unknown,Other,Unknown,,,iphone 13 pro max,3,2,2026-01-01T14:43:09.630466,Jiji Ethiopia
iphone 13 pro max_3_3,No Title,Price not listed,,ETB,Location not specified,Recently,Unknown,Other,Unknown,,,iphone 13 pro max,3,3,2026-01-01T14:43:09.633466,Jiji Ethiopia
iphone 13 pro max_3_4,No Title,Price not listed,,ETB,Location not specified,Recently,Unknown,Other,Unknown,,,iphone 13 pro max,3,4,2026-01-01T14:43:09.636428,Jiji Ethiopia
iphone 13 pro max_3_5,No Title,Price not listed,,ETB,Location not specified,Recently,Unknown,Other,Unknown,,,iphone 13 pro max,3,5,2026-01-01T14:43:09.639420,Jiji Ethiopia
iphone 13 pro max_3_6,Apple iPhone 13 Pro Max 256 GB Black,"ETB 90,999",90999.0,ETB,"Addis Ababa, Bole",Recently,Unknown,Mobile Phones,Unknown,https://jiji.com.et/bole/mobile-phones/apple-iphone-13-pro-max-256-gb-black-rVbSyrtmLjPDqhqNJpuxYvs0.html?page=3&pos=1&cur_pos=1&ads_per_page=20&ads_count=933&lid=db2iPNCbMDuV18sb&indexPosition=0,https://pictures-ethiopia.jijistatic.com/5384134_MzAwLTQwMC01NDMzM2E4YzVi.webp,iphone 13 pro max,3,6,2026-01-01T14:43:09.705309,Jiji Ethiopia
iphone 13 pro max_3_7,Apple iPhone 13 Pro Max 256 GB Black,"ETB 90,999",90999.0,ETB,"Addis Ababa, Bole",Recently,Unknown,Mobile Phones,Unknown,https://jiji.com.et/bole/mobile-phones/apple-iphone-13-pro-max-256-gb-black-rVbSyrtmLjPDqhqNJpuxYvs0.html?page=3&pos=1&cur_pos=1&ads_per_page=20&ads_count=933&lid=db2iPNCbMDuV18sb&indexPosition=0,https://pictures-ethiopia.jijistatic.com/5384134_MzAwLTQwMC01NDMzM2E4YzVi.webp,iphone 13 pro max,3,7,2026-01-01T14:43:09.805647,Jiji Ethiopia
iphone 13 pro max_3_8,Apple iPhone 13 Pro Max 256 GB Black,"ETB 90,999",90999.0,ETB,"Addis Ababa, Bole",Recently,Unknown,Mobile Phones,Unknown,https://jiji.com.et/bole/mobile-phones/apple-iphone-13-pro-max-256-gb-black-rVbSyrtmLjPDqhqNJpuxYvs0.html?page=3&pos=1&cur_pos=1&ads_per_page=20&ads_count=933&lid=db2iPNCbMDuV18sb&indexPosition=0,https://pictures-ethiopia.jijistatic.com/5384134_MzAwLTQwMC01NDMzM2E4YzVi.webp,iphone 13 pro max,3,8,2026-01-01T14:43:09.809631,Jiji Ethiopia
iphone 13 pro max_3_9,No Title,Price not listed,,ETB,Location not specified,Recently,Unknown,Other,Unknown,,https://pictures-ethiopia.jijistatic.com/5384134_MzAwLTQwMC01NDMzM2E4YzVi.webp,iphone 13 pro max,3,9,2026-01-01T14:43:09.811142,Jiji Ethiopia
iphone 13 pro max_3_10,No Title,Price not listed,,ETB,Location not specified,Recently,Unknown,Other,Unknown,,https://pictures-ethiopia.jijistatic.com/5384134_MzAwLTQwMC01NDMzM2E4YzVi.webp,iphone 13 pro max,3,10,2026-01-01T14:43:09.812169,Jiji Ethiopia
iphone 13 pro max_3_11,Apple iPhone 13 Pro Max 256 GB Black,"ETB 90,999",90999.0,ETB,"Addis Ababa, Bole",Recently,Unknown,Mobile Phones,Unknown,,https://assets.jijistatic.com/static/img/premium-landing/ps-vip-icon.svg,iphone 13 pro max,3,11,2026-01-01T14:43:09.814163,Jiji Ethiopia
iphone 13 pro max_3_12,Apple iPhone 13 Pro Max 256 GB Black,"ETB 90,999",90999.0,ETB,"Addis Ababa, Bole",Recently,Unknown,Mobile Phones,Unknown,,https://assets.jijistatic.com/static/img/premium-landing/ps-vip-icon.svg,iphone 13 pro max,3,12,2026-01-01T14:43:09.817155,Jiji Ethiopia
iphone 13 pro max_3_13,Apple iPhone 13 Pro Max 256 GB Black,"ETB 90,999",90999.0,ETB,Location not specified,Recently,Unknown,Mobile Phones,Unknown,,,iphone 13 pro max,3,13,2026-01-01T14:43:09.819155,Jiji Ethiopia
iphone 13 pro max_3_14,No Title,"ETB 90,999",90999.0,ETB,Location not specified,Recently,Unknown,Other,Unknown,,,iphone 13 pro max,3,14,2026-01-01T14:43:09.819155,Jiji Ethiopia
iphone 13 pro max_3_15,No Title,"ETB 90,999",90999.0,ETB,Location not specified,Recently,Unknown,Other,Unknown,,,iphone 13 pro max,3,15,2026-01-01T14:43:09.820147,Jiji Ethiopia
iphone 13 pro max_3_16,No Title,"ETB 90,999",90999.0,ETB,Location not specified,Recently,Unknown,Other,Unknown,,,iphone 13 pro max,3,16,2026-01-01T14:43:09.821145,Jiji Ethiopia
iphone 13 pro max_3_17,No Title,"ETB 90,999",90999.0,ETB,Location not specified,Recently,Unknown,Other,Unknown,,,iphone 13 pro max,3,17,2026-01-01T14:43:09.821145,Jiji Ethiopia
iphone 13 pro max_3_18,Apple iPhone 13 Pro Max 256 GB Black,Price not listed,,ETB,Location not specified,Recently,Unknown,Mobile Phones,Unknown,,,iphone 13 pro max,3,18,2026-01-01T14:43:09.822142,Jiji Ethiopia
iphone 13 pro max_3_19,Apple iPhone 13 Pro Max 256 GB Black,Price not listed,,ETB,Location not specified,Recently,Unknown,Mobile Phones,Unknown,,,iphone 13 pro max,3,19,2026-01-01T14:43:09.823139,Jiji Ethiopia
iphone 13 pro max_3_20,Apple iPhone 13 Pro Max 256 GB Black,Price not listed,,ETB,Location not specified,Recently,Unknown,Mobile Phones,Unknown,,,iphone 13 pro max,3,20,2026-01-01T14:43:09.824145,Jiji Ethiopia
iphone 13 pro max_3_21,No Title,Price not listed,,ETB,"Addis Ababa, Bole",Recently,Unknown,Other,Unknown,,https://assets.jijistatic.com/static/img/premium-landing/ps-vip-icon.svg,iphone 13 pro max,3,21,2026-01-01T14:43:09.826138,Jiji Ethiopia
iphone 13 pro max_3_22,No Title,Price not listed,,ETB,Location not specified,Recently,Unknown,Other,Unknown,,,iphone 13 pro max,3,22,2026-01-01T14:43:09.827135,Jiji Ethiopia
iphone 13 pro max_3_23,No Title,Price not listed,,ETB,Location not specified,Recently,Unknown,Other,Unknown,,,iphone 13 pro max,3,23,2026-01-01T14:43:09.827135,Jiji Ethiopia
iphone 13 pro max_3_24,No Title,Price not listed,,ETB,Location not specified,Recently,Unknown,Other,Unknown,,,iphone 13 pro max,3,24,2026-01-01T14:43:09.828137,Jiji Ethiopia
iphone 13 pro max_3_25,No Title,Price not listed,,ETB,Location not specified,Recently,Unknown,Other,Unknown,,,iphone 13 pro max,3,25,2026-01-01T14:43:09.829098,Jiji Ethiopia
iphone 13 pro max_3_26,No Title,Price not listed,,ETB,Location not specified,Recently,Unknown,Other,Unknown,,,iphone 13 pro max,3,26,2026-01-01T14:43:09.829098,Jiji Ethiopia
iphone 13 pro max_3_27,No Title,Price not listed,,ETB,"Addis Ababa, Bole",Recently,Unknown,Other,Unknown,,https://assets.jijistatic.com/static/img/premium-landing/ps-vip-icon.svg,iphone 13 pro max,3,27,2026-01-01T14:43:09.831124,Jiji Ethiopia
iphone 13 pro max_3_28,No Title,Price not listed,,ETB,"Addis Ababa, Bole",Recently,Unknown,Other,Unknown,,,iphone 13 pro max,3,28,2026-01-01T14:43:09.832089,Jiji Ethiopia
iphone 13 pro max_3_29,No Title,Price not listed,,ETB,"Addis Ababa, Bole",Recently,Unknown,Other,Unknown,,,iphone 13 pro max,3,29,2026-01-01T14:43:09.833088,Jiji Ethiopia
iphone 13 pro max_3_30,No Title,Price not listed,,ETB,"Addis Ababa, Bole",Recently,Unknown,Other,Unknown,,,iphone 13 pro max,3,30,2026-01-01T14:43:09.834116,Jiji Ethiopia
iphone 13 pro max_3_31,No Title,Price not listed,,ETB,Location not specified,Recently,Unknown,Other,Unknown,,https://assets.jijistatic.com/static/img/premium-landing/ps-vip-icon.svg,iphone 13 pro max,3,31,2026-01-01T14:43:09.835113,Jiji Ethiopia
iphone 13 pro max_3_32,No Title,Price not listed,,ETB,Location not specified,Recently,Unknown,Other,Unknown,,https://assets.jijistatic.com/static/img/premium-landing/ps-vip-icon.svg,iphone 13 pro max,3,32,2026-01-01T14:43:09.835113,Jiji Ethiopia
iphone 13 pro max_3_33,Apple iPhone 13 Pro Max 256 GB Blue,"ETB 86,500",86500.0,ETB,"Addis Ababa, Bole",Recently,Unknown,Mobile Phones,Unknown,https://jiji.com.et/bole/mobile-phones/apple-iphone-13-pro-max-256-gb-blue-mTR7woP2sILiBVHTceBLewnB.html?page=3&pos=4&cur_pos=4&ads_per_page=20&ads_count=933&lid=db2iPNCbMDuV18sb&indexPosition=3,https://pictures-ethiopia.jijistatic.com/8140569_MzAwLTQwMC04NDE1ZjU2MzYw.webp,iphone 13 pro max,3,33,2026-01-01T14:43:09.839103,Jiji Ethiopia
iphone 13 pro max_3_34,No Title,Price not listed,,ETB,Location not specified,Recently,Unknown,Other,Unknown,,https://pictures-ethiopia.jijistatic.com/8140569_MzAwLTQwMC04NDE1ZjU2MzYw.webp,iphone 13 pro max,3,34,2026-01-01T14:43:09.841065,Jiji Ethiopia
iphone 13 pro max_3_35,No Title,Price not listed,,ETB,Location not specified,Recently,Unknown,Other,Unknown,,https://pictures-ethiopia.jijistatic.com/8140569_MzAwLTQwMC04NDE1ZjU2MzYw.webp,iphone 13 pro max,3,35,2026-01-01T14:43:09.842095,Jiji Ethiopia
iphone 13 pro max_3_36,Apple iPhone 13 Pro Max 256 GB Blue,"ETB 86,500",86500.0,ETB,"Addis Ababa, Bole",Recently,Unknown,Mobile Phones,Unknown,,https://assets.jijistatic.com/static/img/premium-landing/ps-vip-icon.svg,iphone 13 pro max,3,36,2026-01-01T14:43:09.845080,Jiji Ethiopia
iphone 13 pro max_3_37,Apple iPhone 13 Pro Max 256 GB Blue,"ETB 86,500",86500.0,ETB,"Addis Ababa, Bole",Recently,Unknown,Mobile Phones,Unknown,,https://assets.jijistatic.com/static/img/premium-landing/ps-vip-icon.svg,iphone 13 pro max,3,37,2026-01-01T14:43:09.847076,Jiji Ethiopia
iphone 13 pro max_3_38,Apple iPhone 13 Pro Max 256 GB Blue,"ETB 86,500",86500.0,ETB,Location not specified,Recently,Unknown,Mobile Phones,Unknown,,,iphone 13 pro max,3,38,2026-01-01T14:43:09.848046,Jiji Ethiopia
iphone 13 pro max_3_39,No Title,"ETB 86,500",86500.0,ETB,Location not specified,Recently,Unknown,Other,Unknown,,,iphone 13 pro max,3,39,2026-01-01T14:43:09.849075,Jiji Ethiopia
iphone 13 pro max_3_40,No Title,"ETB 86,500",86500.0,ETB,Location not specified,Recently,Unknown,Other,Unknown,,,iphone 13 pro max,3,40,2026-01-01T14:43:09.850068,Jiji Ethiopia
